,appName,coreF,memF,argNo,kernel,time/ms,blocks,warps,power/W
8,BlackScholes,1680,5800,input00,BlackScholesGPU,1.820231,,,183.27302000000003
9,BlackScholes,1680,6300,input00,BlackScholesGPU,1.686324,,,191.36023
10,BlackScholes,1680,6800,input00,BlackScholesGPU,1.525605,,,194.61506000000008
11,BlackScholes,1680,7300,input00,BlackScholesGPU,1.424838,,,212.56166
4,BlackScholes,1780,5800,input00,BlackScholesGPU,1.827054,,,184.64624999999995
5,BlackScholes,1780,6300,input00,BlackScholesGPU,1.690815,,,184.90592000000004
6,BlackScholes,1780,6800,input00,BlackScholesGPU,1.558915,,,203.5159500000001
7,BlackScholes,1780,7300,input00,BlackScholesGPU,1.455906,,,212.39172
0,BlackScholes,1880,5800,input00,BlackScholesGPU,1.831945,,,185.79910000000007
1,BlackScholes,1880,6300,input00,BlackScholesGPU,1.597454,,,197.31981
2,BlackScholes,1880,6800,input00,BlackScholesGPU,1.544794,,,207.8917
3,BlackScholes,1880,7300,input00,BlackScholesGPU,1.442207,,,217.19846999999996
12,BlackScholes,1980,5800,input00,BlackScholesGPU,1.805661,,,189.44155000000003
13,BlackScholes,1980,6300,input00,BlackScholesGPU,1.694904,,,190.97113000000004
14,BlackScholes,1980,6800,input00,BlackScholesGPU,1.58151,,,202.02467
15,BlackScholes,1980,7300,input00,BlackScholesGPU,1.473634,,,212.16422999999995
16,BlackScholes,2080,5800,input00,BlackScholesGPU,1.837754,,,185.47322
17,BlackScholes,2080,6300,input00,BlackScholesGPU,1.653044,,,198.61282
18,BlackScholes,2080,6800,input00,BlackScholesGPU,1.538487,,,206.32748000000004
19,BlackScholes,2080,7300,input00,BlackScholesGPU,1.383035,,,214.49960000000007
28,SobolQRNG,1680,5800,input00,sobolGPU_kernel,1.838134,,,139.69766
29,SobolQRNG,1680,6300,input00,sobolGPU_kernel,1.819426,,,142.04962
30,SobolQRNG,1680,6800,input00,sobolGPU_kernel,1.758025,,,150.61568
31,SobolQRNG,1680,7300,input00,sobolGPU_kernel,1.601155,,,152.87921999999998
24,SobolQRNG,1780,5800,input00,sobolGPU_kernel,1.796222,,,142.01288000000002
25,SobolQRNG,1780,6300,input00,sobolGPU_kernel,1.818583,,,143.79127
26,SobolQRNG,1780,6800,input00,sobolGPU_kernel,1.757293,,,148.28778000000003
27,SobolQRNG,1780,7300,input00,sobolGPU_kernel,1.607036,,,160.7925
20,SobolQRNG,1880,5800,input00,sobolGPU_kernel,1.839317,,,144.12266000000002
21,SobolQRNG,1880,6300,input00,sobolGPU_kernel,1.726708,,,150.93935999999997
22,SobolQRNG,1880,6800,input00,sobolGPU_kernel,1.762604,,,153.69949
23,SobolQRNG,1880,7300,input00,sobolGPU_kernel,1.636372,,,160.25516
32,SobolQRNG,1980,5800,input00,sobolGPU_kernel,1.845871,,,144.33563999999998
33,SobolQRNG,1980,6300,input00,sobolGPU_kernel,1.797423,,,149.47397
34,SobolQRNG,1980,6800,input00,sobolGPU_kernel,1.771108,,,152.54337999999998
35,SobolQRNG,1980,7300,input00,sobolGPU_kernel,1.649444,,,159.30463
36,SobolQRNG,2080,5800,input00,sobolGPU_kernel,1.844405,,,149.02505000000002
37,SobolQRNG,2080,6300,input00,sobolGPU_kernel,1.833677,,,150.97645
38,SobolQRNG,2080,6800,input00,sobolGPU_kernel,1.729078,,,155.95427
39,SobolQRNG,2080,7300,input00,sobolGPU_kernel,1.602448,,,163.52874999999997
48,backpropForward,1680,5800,input00,bpnn_layerforward_CUDA,0.39436,,,138.19033
49,backpropForward,1680,6300,input00,bpnn_layerforward_CUDA,0.388439,,,140.37413999999995
50,backpropForward,1680,6800,input00,bpnn_layerforward_CUDA,0.385639,,,144.04281
51,backpropForward,1680,7300,input00,bpnn_layerforward_CUDA,0.379779,,,145.6665
44,backpropForward,1780,5800,input00,bpnn_layerforward_CUDA,0.380295,,,141.72516
45,backpropForward,1780,6300,input00,bpnn_layerforward_CUDA,0.375823,,,144.01037
46,backpropForward,1780,6800,input00,bpnn_layerforward_CUDA,0.371282,,,146.76412999999997
47,backpropForward,1780,7300,input00,bpnn_layerforward_CUDA,0.367337,,,151.07500999999996
40,backpropForward,1880,5800,input00,bpnn_layerforward_CUDA,0.367198,,,145.00926000000004
41,backpropForward,1880,6300,input00,bpnn_layerforward_CUDA,0.361932,,,147.30060999999998
42,backpropForward,1880,6800,input00,bpnn_layerforward_CUDA,0.3585,,,149.50745999999998
43,backpropForward,1880,7300,input00,bpnn_layerforward_CUDA,0.351987,,,152.43600999999998
52,backpropForward,1980,5800,input00,bpnn_layerforward_CUDA,0.35605,,,148.31129
53,backpropForward,1980,6300,input00,bpnn_layerforward_CUDA,0.349841,,,152.80062999999996
54,backpropForward,1980,6800,input00,bpnn_layerforward_CUDA,0.345371,,,155.73284999999998
55,backpropForward,1980,7300,input00,bpnn_layerforward_CUDA,0.339845,,,158.67047999999997
56,backpropForward,2080,5800,input00,bpnn_layerforward_CUDA,0.345989,,,154.54520000000002
57,backpropForward,2080,6300,input00,bpnn_layerforward_CUDA,0.340003,,,157.31141000000002
58,backpropForward,2080,6800,input00,bpnn_layerforward_CUDA,0.335462,,,161.08096999999998
59,backpropForward,2080,7300,input00,bpnn_layerforward_CUDA,0.327556,,,151.83648000000002
68,conjugateGradient,1680,5800,input00,gpuConjugateGradient,67.725184,,,68.56873999999998
69,conjugateGradient,1680,6300,input00,gpuConjugateGradient,67.771636,,,70.13179
70,conjugateGradient,1680,6800,input00,gpuConjugateGradient,67.732229,,,72.13059999999999
71,conjugateGradient,1680,7300,input00,gpuConjugateGradient,67.672118,,,73.63221
64,conjugateGradient,1780,5800,input00,gpuConjugateGradient,67.925269,,,70.98666000000001
65,conjugateGradient,1780,6300,input00,gpuConjugateGradient,67.69829,,,71.5212
66,conjugateGradient,1780,6800,input00,gpuConjugateGradient,67.59605,,,72.75907999999998
67,conjugateGradient,1780,7300,input00,gpuConjugateGradient,67.711892,,,74.20613999999999
60,conjugateGradient,1880,5800,input00,gpuConjugateGradient,67.73164,,,71.74652999999998
61,conjugateGradient,1880,6300,input00,gpuConjugateGradient,67.583446,,,72.43419
62,conjugateGradient,1880,6800,input00,gpuConjugateGradient,67.610568,,,73.67571
63,conjugateGradient,1880,7300,input00,gpuConjugateGradient,67.479319,,,74.86552999999999
72,conjugateGradient,1980,5800,input00,gpuConjugateGradient,67.457374,,,72.38821000000002
73,conjugateGradient,1980,6300,input00,gpuConjugateGradient,67.38978,,,73.09832999999999
74,conjugateGradient,1980,6800,input00,gpuConjugateGradient,67.43646,,,75.67054
75,conjugateGradient,1980,7300,input00,gpuConjugateGradient,67.355524,,,76.44058999999999
76,conjugateGradient,2080,5800,input00,gpuConjugateGradient,67.383012,,,73.67451
77,conjugateGradient,2080,6300,input00,gpuConjugateGradient,67.213047,,,75.06088999999999
78,conjugateGradient,2080,6800,input00,gpuConjugateGradient,66.88528,,,77.70433999999999
79,conjugateGradient,2080,7300,input00,gpuConjugateGradient,66.903973,,,76.18766000000001
88,convolutionSeparable,1680,5800,input00,convolutionRowsKernel,7.065955,,,151.82277
89,convolutionSeparable,1680,6300,input00,convolutionRowsKernel,7.017729,,,154.78900000000002
90,convolutionSeparable,1680,6800,input00,convolutionRowsKernel,6.908115,,,157.95352
91,convolutionSeparable,1680,7300,input00,convolutionRowsKernel,6.864378,,,160.81532
84,convolutionSeparable,1780,5800,input00,convolutionRowsKernel,6.809714,,,157.08266
85,convolutionSeparable,1780,6300,input00,convolutionRowsKernel,6.726443,,,159.09681999999998
86,convolutionSeparable,1780,6800,input00,convolutionRowsKernel,6.648469,,,163.35377000000005
87,convolutionSeparable,1780,7300,input00,convolutionRowsKernel,6.524494,,,166.6205
80,convolutionSeparable,1880,5800,input00,convolutionRowsKernel,6.563022,,,160.71365
81,convolutionSeparable,1880,6300,input00,convolutionRowsKernel,6.441403,,,164.07424
82,convolutionSeparable,1880,6800,input00,convolutionRowsKernel,6.356404,,,167.74144999999996
83,convolutionSeparable,1880,7300,input00,convolutionRowsKernel,6.281376,,,171.24290000000002
92,convolutionSeparable,1980,5800,input00,convolutionRowsKernel,6.336006,,,166.98108999999997
93,convolutionSeparable,1980,6300,input00,convolutionRowsKernel,6.199321,,,172.66306999999998
94,convolutionSeparable,1980,6800,input00,convolutionRowsKernel,6.091081,,,178.45850000000007
95,convolutionSeparable,1980,7300,input00,convolutionRowsKernel,5.991598,,,182.51065999999997
96,convolutionSeparable,2080,5800,input00,convolutionRowsKernel,6.214686,,,174.69938000000005
97,convolutionSeparable,2080,6300,input00,convolutionRowsKernel,5.97133,,,179.18999000000008
98,convolutionSeparable,2080,6800,input00,convolutionRowsKernel,5.854223,,,185.19070000000008
99,convolutionSeparable,2080,7300,input00,convolutionRowsKernel,5.779899,,,186.90776
108,convolutionTexture,1680,5800,input00,convolutionRowsKernel,8.081309,,,153.11293000000006
109,convolutionTexture,1680,6300,input00,convolutionRowsKernel,7.918941,,,155.46763
110,convolutionTexture,1680,6800,input00,convolutionRowsKernel,7.79236,,,157.10100000000003
111,convolutionTexture,1680,7300,input00,convolutionRowsKernel,7.602699,,,160.68804999999998
104,convolutionTexture,1780,5800,input00,convolutionRowsKernel,7.753452,,,155.71421
105,convolutionTexture,1780,6300,input00,convolutionRowsKernel,7.687861,,,157.69874000000004
106,convolutionTexture,1780,6800,input00,convolutionRowsKernel,7.560919,,,168.47580000000005
107,convolutionTexture,1780,7300,input00,convolutionRowsKernel,7.36366,,,172.94461000000004
100,convolutionTexture,1880,5800,input00,convolutionRowsKernel,7.617593,,,165.81988
101,convolutionTexture,1880,6300,input00,convolutionRowsKernel,7.463578,,,169.72145999999998
102,convolutionTexture,1880,6800,input00,convolutionRowsKernel,7.339509,,,173.66829000000004
103,convolutionTexture,1880,7300,input00,convolutionRowsKernel,7.123355,,,177.88228000000004
112,convolutionTexture,1980,5800,input00,convolutionRowsKernel,7.432466,,,170.8611
113,convolutionTexture,1980,6300,input00,convolutionRowsKernel,7.26637,,,169.88635
114,convolutionTexture,1980,6800,input00,convolutionRowsKernel,7.138192,,,175.79335000000003
115,convolutionTexture,1980,7300,input00,convolutionRowsKernel,6.910314,,,179.8885
116,convolutionTexture,2080,5800,input00,convolutionRowsKernel,7.27335,,,172.79889
117,convolutionTexture,2080,6300,input00,convolutionRowsKernel,7.055205,,,175.43593
118,convolutionTexture,2080,6800,input00,convolutionRowsKernel,6.885262,,,179.78824999999998
119,convolutionTexture,2080,7300,input00,convolutionRowsKernel,6.741506,,,184.68382
128,fastWalshTransform,1680,5800,input00,fwtBatch2Kernel,58.555585,,,118.66282999999996
129,fastWalshTransform,1680,6300,input00,fwtBatch2Kernel,53.938268,,,122.88757
130,fastWalshTransform,1680,6800,input00,fwtBatch2Kernel,50.018172,,,128.61189000000002
131,fastWalshTransform,1680,7300,input00,fwtBatch2Kernel,46.35117,,,133.445
124,fastWalshTransform,1780,5800,input00,fwtBatch2Kernel,58.864388,,,120.49462999999996
125,fastWalshTransform,1780,6300,input00,fwtBatch2Kernel,54.191964,,,124.01812999999996
126,fastWalshTransform,1780,6800,input00,fwtBatch2Kernel,50.275614,,,130.0513
127,fastWalshTransform,1780,7300,input00,fwtBatch2Kernel,46.481436,,,134.97977000000003
120,fastWalshTransform,1880,5800,input00,fwtBatch2Kernel,59.131712,,,120.85974999999996
121,fastWalshTransform,1880,6300,input00,fwtBatch2Kernel,54.469062,,,125.41125000000002
122,fastWalshTransform,1880,6800,input00,fwtBatch2Kernel,50.555684,,,131.69778000000002
123,fastWalshTransform,1880,7300,input00,fwtBatch2Kernel,46.732392,,,135.85498000000004
132,fastWalshTransform,1980,5800,input00,fwtBatch2Kernel,59.387795,,,122.64913
133,fastWalshTransform,1980,6300,input00,fwtBatch2Kernel,54.733543,,,128.45829
134,fastWalshTransform,1980,6800,input00,fwtBatch2Kernel,50.821765,,,134.59112000000002
135,fastWalshTransform,1980,7300,input00,fwtBatch2Kernel,46.971146,,,142.28138
136,fastWalshTransform,2080,5800,input00,fwtBatch2Kernel,59.671885,,,126.47022
137,fastWalshTransform,2080,6300,input00,fwtBatch2Kernel,54.894207,,,131.22460000000004
138,fastWalshTransform,2080,6800,input00,fwtBatch2Kernel,50.965595,,,136.40648
139,fastWalshTransform,2080,7300,input00,fwtBatch2Kernel,47.168838,,,142.50983
148,histogram,1680,5800,input00,histogram256Kernel,14.430704,,,131.99609999999996
149,histogram,1680,6300,input00,histogram256Kernel,14.15012,,,134.67617
150,histogram,1680,6800,input00,histogram256Kernel,13.485099,,,140.37847999999997
151,histogram,1680,7300,input00,histogram256Kernel,12.644075,,,144.07525000000004
144,histogram,1780,5800,input00,histogram256Kernel,14.3646,,,134.38640999999996
145,histogram,1780,6300,input00,histogram256Kernel,14.069987,,,137.02101
146,histogram,1780,6800,input00,histogram256Kernel,13.393025,,,142.24912999999998
147,histogram,1780,7300,input00,histogram256Kernel,12.590917,,,146.44143
140,histogram,1880,5800,input00,histogram256Kernel,14.2319,,,136.56063
141,histogram,1880,6300,input00,histogram256Kernel,13.984145,,,139.72715
142,histogram,1880,6800,input00,histogram256Kernel,13.323154,,,144.29118
143,histogram,1880,7300,input00,histogram256Kernel,12.48058,,,148.61392
152,histogram,1980,5800,input00,histogram256Kernel,14.095338,,,139.27785000000003
153,histogram,1980,6300,input00,histogram256Kernel,13.857314,,,143.66078
154,histogram,1980,6800,input00,histogram256Kernel,13.203993,,,149.49852999999996
155,histogram,1980,7300,input00,histogram256Kernel,12.382071,,,156.18638999999996
156,histogram,2080,5800,input00,histogram256Kernel,13.988082,,,144.73607999999996
157,histogram,2080,6300,input00,histogram256Kernel,13.716747,,,147.39269000000002
158,histogram,2080,6800,input00,histogram256Kernel,13.058341,,,152.86481
159,histogram,2080,7300,input00,histogram256Kernel,12.329845,,,157.20044
168,hotspot,1680,5800,input00,calculate_temp,0.425787,,,83.45034
169,hotspot,1680,6300,input00,calculate_temp,0.425768,,,84.97935000000001
170,hotspot,1680,6800,input00,calculate_temp,0.425546,,,85.96066999999998
171,hotspot,1680,7300,input00,calculate_temp,0.426244,,,86.88453000000001
164,hotspot,1780,5800,input00,calculate_temp,0.406743,,,85.02799
165,hotspot,1780,6300,input00,calculate_temp,0.405861,,,87.01484
166,hotspot,1780,6800,input00,calculate_temp,0.405656,,,88.31037999999998
167,hotspot,1780,7300,input00,calculate_temp,0.406528,,,89.1191
160,hotspot,1880,5800,input00,calculate_temp,0.386504,,,87.08406999999997
161,hotspot,1880,6300,input00,calculate_temp,0.386933,,,88.52381000000001
162,hotspot,1880,6800,input00,calculate_temp,0.386781,,,89.91808
163,hotspot,1880,7300,input00,calculate_temp,0.386661,,,91.13171000000004
172,hotspot,1980,5800,input00,calculate_temp,0.36871,,,89.09654000000002
173,hotspot,1980,6300,input00,calculate_temp,0.369088,,,90.35833
174,hotspot,1980,6800,input00,calculate_temp,0.368789,,,92.12957
175,hotspot,1980,7300,input00,calculate_temp,0.36877,,,93.42383
176,hotspot,2080,5800,input00,calculate_temp,0.354997,,,91.02071
177,hotspot,2080,6300,input00,calculate_temp,0.354692,,,92.52687
178,hotspot,2080,6800,input00,calculate_temp,0.354555,,,94.20527
179,hotspot,2080,7300,input00,calculate_temp,0.352876,,,93.96690999999996
188,matrixMulG,1680,5800,input00,matrixMulCUDA,21.869556,,,179.27034
189,matrixMulG,1680,6300,input00,matrixMulCUDA,21.655238,,,182.46358
190,matrixMulG,1680,6800,input00,matrixMulCUDA,21.473214,,,186.333
191,matrixMulG,1680,7300,input00,matrixMulCUDA,21.130355,,,189.43958999999995
184,matrixMulG,1780,5800,input00,matrixMulCUDA,20.946408,,,178.96737000000002
185,matrixMulG,1780,6300,input00,matrixMulCUDA,20.751355,,,190.77285999999995
186,matrixMulG,1780,6800,input00,matrixMulCUDA,20.571489,,,192.2358
187,matrixMulG,1780,7300,input00,matrixMulCUDA,20.289409,,,194.86278
180,matrixMulG,1880,5800,input00,matrixMulCUDA,19.827679,,,194.0748600000001
181,matrixMulG,1880,6300,input00,matrixMulCUDA,19.727582,,,197.16652
182,matrixMulG,1880,6800,input00,matrixMulCUDA,19.674083,,,191.27452
183,matrixMulG,1880,7300,input00,matrixMulCUDA,19.368195,,,193.3567
192,matrixMulG,1980,5800,input00,matrixMulCUDA,18.903865,,,201.5651000000001
193,matrixMulG,1980,6300,input00,matrixMulCUDA,18.862958,,,197.89017
194,matrixMulG,1980,6800,input00,matrixMulCUDA,18.74279,,,202.89358
195,matrixMulG,1980,7300,input00,matrixMulCUDA,18.562847,,,205.82465
196,matrixMulG,2080,5800,input00,matrixMulCUDA,18.181977,,,205.51709
197,matrixMulG,2080,6300,input00,matrixMulCUDA,18.027679,,,208.70799
198,matrixMulG,2080,6800,input00,matrixMulCUDA,17.955926,,,211.18221
199,matrixMulG,2080,7300,input00,matrixMulCUDA,17.875345,,,213.63104
208,matrixMulS,1680,5800,input00,matrixMulCUDA,15.400333,,,129.31054999999998
209,matrixMulS,1680,6300,input00,matrixMulCUDA,15.357127,,,130.42076
210,matrixMulS,1680,6800,input00,matrixMulCUDA,15.323165,,,131.20687
211,matrixMulS,1680,7300,input00,matrixMulCUDA,15.213313,,,131.71324999999996
204,matrixMulS,1780,5800,input00,matrixMulCUDA,14.658166,,,133.82211999999998
205,matrixMulS,1780,6300,input00,matrixMulCUDA,14.611273,,,134.73184
206,matrixMulS,1780,6800,input00,matrixMulCUDA,14.563686,,,136.13856000000004
207,matrixMulS,1780,7300,input00,matrixMulCUDA,14.514464,,,138.01868000000002
200,matrixMulS,1880,5800,input00,matrixMulCUDA,13.847913,,,138.92691000000002
201,matrixMulS,1880,6300,input00,matrixMulCUDA,13.844612,,,140.03632
202,matrixMulS,1880,6800,input00,matrixMulCUDA,13.806308,,,141.65645
203,matrixMulS,1880,7300,input00,matrixMulCUDA,13.755185,,,142.67464000000004
212,matrixMulS,1980,5800,input00,matrixMulCUDA,13.170497,,,144.53514
213,matrixMulS,1980,6300,input00,matrixMulCUDA,13.148716,,,147.58966
214,matrixMulS,1980,6800,input00,matrixMulCUDA,13.112185,,,149.24368999999996
215,matrixMulS,1980,7300,input00,matrixMulCUDA,13.058349,,,150.33213
216,matrixMulS,2080,5800,input00,matrixMulCUDA,12.677766,,,152.68482000000003
217,matrixMulS,2080,6300,input00,matrixMulCUDA,12.557208,,,155.40742000000003
218,matrixMulS,2080,6800,input00,matrixMulCUDA,12.55047,,,157.55364999999998
219,matrixMulS,2080,7300,input00,matrixMulCUDA,12.524764,,,158.03509000000005
228,mergeSort,1680,5800,input00,mergeSortSharedKernel,4.725222,,,151.68507000000002
229,mergeSort,1680,6300,input00,mergeSortSharedKernel,4.650681,,,153.89059
230,mergeSort,1680,6800,input00,mergeSortSharedKernel,4.584978,,,156.81590999999997
231,mergeSort,1680,7300,input00,mergeSortSharedKernel,4.471463,,,162.73993999999996
224,mergeSort,1780,5800,input00,mergeSortSharedKernel,4.551412,,,156.22886999999997
225,mergeSort,1780,6300,input00,mergeSortSharedKernel,4.482789,,,159.90917
226,mergeSort,1780,6800,input00,mergeSortSharedKernel,4.415532,,,163.1353
227,mergeSort,1780,7300,input00,mergeSortSharedKernel,4.322229,,,171.65246
220,mergeSort,1880,5800,input00,mergeSortSharedKernel,4.390249,,,166.67260000000002
221,mergeSort,1880,6300,input00,mergeSortSharedKernel,4.311971,,,165.11312999999998
222,mergeSort,1880,6800,input00,mergeSortSharedKernel,4.197395,,,169.33391000000003
223,mergeSort,1880,7300,input00,mergeSortSharedKernel,4.156493,,,173.31677999999994
232,mergeSort,1980,5800,input00,mergeSortSharedKernel,4.251054,,,168.69291000000004
233,mergeSort,1980,6300,input00,mergeSortSharedKernel,4.165687,,,171.03137000000004
234,mergeSort,1980,6800,input00,mergeSortSharedKernel,4.111331,,,174.46654000000007
235,mergeSort,1980,7300,input00,mergeSortSharedKernel,4.005029,,,178.73393000000004
236,mergeSort,2080,5800,input00,mergeSortSharedKernel,4.145316,,,173.39594999999997
237,mergeSort,2080,6300,input00,mergeSortSharedKernel,4.027367,,,178.09158000000008
238,mergeSort,2080,6800,input00,mergeSortSharedKernel,3.941259,,,182.62073
239,mergeSort,2080,7300,input00,mergeSortSharedKernel,3.887128,,,184.82353
248,nn,1680,5800,input00,euclid,0.200231,,,106.32287000000004
249,nn,1680,6300,input00,euclid,0.186718,,,110.29068000000002
250,nn,1680,6800,input00,euclid,0.175368,,,113.36226
251,nn,1680,7300,input00,euclid,0.165229,,,117.23026
244,nn,1780,5800,input00,euclid,0.200572,,,107.54645999999998
245,nn,1780,6300,input00,euclid,0.186705,,,110.56471
246,nn,1780,6800,input00,euclid,0.175446,,,114.90954000000002
247,nn,1780,7300,input00,euclid,0.164604,,,118.44075000000002
240,nn,1880,5800,input00,euclid,0.200871,,,107.66909
241,nn,1880,6300,input00,euclid,0.187502,,,111.96899999999998
242,nn,1880,6800,input00,euclid,0.176321,,,115.43108000000002
243,nn,1880,7300,input00,euclid,0.164704,,,121.63548000000004
252,nn,1980,5800,input00,euclid,0.200409,,,109.6778
253,nn,1980,6300,input00,euclid,0.188124,,,113.76520999999995
254,nn,1980,6800,input00,euclid,0.176534,,,119.56807
255,nn,1980,7300,input00,euclid,0.165347,,,122.88589
256,nn,2080,5800,input00,euclid,0.200901,,,113.77882000000004
257,nn,2080,6300,input00,euclid,0.188216,,,116.88738
258,nn,2080,6800,input00,euclid,0.176648,,,122.57214
259,nn,2080,7300,input00,euclid,0.165463,,,126.11146999999995
268,quasirandomGenerator,1680,5800,input00,quasirandomGeneratorKernel,3.03576,,,145.54594999999998
269,quasirandomGenerator,1680,6300,input00,quasirandomGeneratorKernel,3.06547,,,146.19619999999998
270,quasirandomGenerator,1680,6800,input00,quasirandomGeneratorKernel,3.066844,,,148.06505
271,quasirandomGenerator,1680,7300,input00,quasirandomGeneratorKernel,3.015137,,,150.00134999999997
264,quasirandomGenerator,1780,5800,input00,quasirandomGeneratorKernel,2.868668,,,150.10384
265,quasirandomGenerator,1780,6300,input00,quasirandomGeneratorKernel,2.917,,,151.42158
266,quasirandomGenerator,1780,6800,input00,quasirandomGeneratorKernel,2.902176,,,153.31453000000005
267,quasirandomGenerator,1780,7300,input00,quasirandomGeneratorKernel,2.886073,,,160.34457000000003
260,quasirandomGenerator,1880,5800,input00,quasirandomGeneratorKernel,2.76118,,,160.93799
261,quasirandomGenerator,1880,6300,input00,quasirandomGeneratorKernel,2.758753,,,156.79209
262,quasirandomGenerator,1880,6800,input00,quasirandomGeneratorKernel,2.760122,,,158.66477000000003
263,quasirandomGenerator,1880,7300,input00,quasirandomGeneratorKernel,2.761965,,,162.40049000000002
272,quasirandomGenerator,1980,5800,input00,quasirandomGeneratorKernel,2.620069,,,167.00603000000004
273,quasirandomGenerator,1980,6300,input00,quasirandomGeneratorKernel,2.61992,,,164.50996000000004
274,quasirandomGenerator,1980,6800,input00,quasirandomGeneratorKernel,2.620086,,,166.82425999999998
275,quasirandomGenerator,1980,7300,input00,quasirandomGeneratorKernel,2.618384,,,168.46446
276,quasirandomGenerator,2080,5800,input00,quasirandomGeneratorKernel,2.477427,,,172.25653999999997
277,quasirandomGenerator,2080,6300,input00,quasirandomGeneratorKernel,2.504275,,,172.45831
278,quasirandomGenerator,2080,6800,input00,quasirandomGeneratorKernel,2.462456,,,175.23788000000002
279,quasirandomGenerator,2080,7300,input00,quasirandomGeneratorKernel,2.508959,,,176.44827000000004
288,reduction,1680,5800,input00,reduce2,2.467821,,,124.97568
289,reduction,1680,6300,input00,reduce2,2.456396,,,127.44909000000004
290,reduction,1680,6800,input00,reduce2,2.424151,,,131.10958
291,reduction,1680,7300,input00,reduce2,2.402793,,,132.24665000000002
284,reduction,1780,5800,input00,reduce2,2.30932,,,130.29782
285,reduction,1780,6300,input00,reduce2,2.346801,,,131.54878
286,reduction,1780,6800,input00,reduce2,2.325632,,,133.25895000000003
287,reduction,1780,7300,input00,reduce2,2.322486,,,134.21545999999998
280,reduction,1880,5800,input00,reduce2,2.236441,,,133.20772999999997
281,reduction,1880,6300,input00,reduce2,2.227155,,,134.23647
282,reduction,1880,6800,input00,reduce2,2.126475,,,137.5064
283,reduction,1880,7300,input00,reduce2,2.216822,,,140.49879999999996
292,reduction,1980,5800,input00,reduce2,2.105215,,,138.68460999999996
293,reduction,1980,6300,input00,reduce2,2.127425,,,138.86686
294,reduction,1980,6800,input00,reduce2,2.110319,,,143.29601
295,reduction,1980,7300,input00,reduce2,2.109643,,,144.83921
296,reduction,2080,5800,input00,reduce2,2.051626,,,146.06292000000002
297,reduction,2080,6300,input00,reduce2,2.036436,,,148.19585
298,reduction,2080,6800,input00,reduce2,1.975451,,,150.65104999999997
299,reduction,2080,7300,input00,reduce2,1.966392,,,151.97766
308,scalarProd,1680,5800,input00,scalarProdGPU,6.069055,,,145.61692000000002
309,scalarProd,1680,6300,input00,scalarProdGPU,5.603913,,,153.39554
310,scalarProd,1680,6800,input00,scalarProdGPU,5.237703,,,161.65363000000002
311,scalarProd,1680,7300,input00,scalarProdGPU,4.842521,,,169.26877999999994
304,scalarProd,1780,5800,input00,scalarProdGPU,6.045419,,,147.69853999999998
305,scalarProd,1780,6300,input00,scalarProdGPU,5.632505,,,153.32298
306,scalarProd,1780,6800,input00,scalarProdGPU,5.205422,,,163.75483
307,scalarProd,1780,7300,input00,scalarProdGPU,4.870379,,,172.68271999999996
300,scalarProd,1880,5800,input00,scalarProdGPU,6.091809,,,149.53938
301,scalarProd,1880,6300,input00,scalarProdGPU,5.627067,,,154.10115
302,scalarProd,1880,6800,input00,scalarProdGPU,5.23139,,,164.53324999999998
303,scalarProd,1880,7300,input00,scalarProdGPU,4.784468,,,172.82366
312,scalarProd,1980,5800,input00,scalarProdGPU,6.094498,,,150.75567999999996
313,scalarProd,1980,6300,input00,scalarProdGPU,5.626472,,,156.55404
314,scalarProd,1980,6800,input00,scalarProdGPU,5.224338,,,167.2895499999999
315,scalarProd,1980,7300,input00,scalarProdGPU,4.875209,,,176.95177999999996
316,scalarProd,2080,5800,input00,scalarProdGPU,6.092441,,,154.57647
317,scalarProd,2080,6300,input00,scalarProdGPU,5.625597,,,162.62662999999998
318,scalarProd,2080,6800,input00,scalarProdGPU,5.131287,,,172.65886999999998
319,scalarProd,2080,7300,input00,scalarProdGPU,4.778957,,,179.97053
328,scanScanExclusiveShared,1680,5800,input00,scanExclusiveShared,1.712804,,,140.55768999999998
329,scanScanExclusiveShared,1680,6300,input00,scanExclusiveShared,1.612378,,,145.10316999999998
330,scanScanExclusiveShared,1680,6800,input00,scanExclusiveShared,1.503287,,,153.38287
331,scanScanExclusiveShared,1680,7300,input00,scanExclusiveShared,1.303731,,,162.31350000000003
324,scanScanExclusiveShared,1780,5800,input00,scanExclusiveShared,1.703111,,,142.21487999999997
325,scanScanExclusiveShared,1780,6300,input00,scanExclusiveShared,1.616869,,,146.47467999999998
326,scanScanExclusiveShared,1780,6800,input00,scanExclusiveShared,1.478954,,,155.42047999999997
327,scanScanExclusiveShared,1780,7300,input00,scanExclusiveShared,1.38885,,,166.88164
320,scanScanExclusiveShared,1880,5800,input00,scanExclusiveShared,1.758159,,,140.30527000000004
321,scanScanExclusiveShared,1880,6300,input00,scanExclusiveShared,1.625706,,,147.34591999999998
322,scanScanExclusiveShared,1880,6800,input00,scanExclusiveShared,1.419531,,,162.84552000000002
323,scanScanExclusiveShared,1880,7300,input00,scanExclusiveShared,1.40703,,,162.2378
332,scanScanExclusiveShared,1980,5800,input00,scanExclusiveShared,1.734743,,,143.37228999999996
333,scanScanExclusiveShared,1980,6300,input00,scanExclusiveShared,1.601648,,,151.07031999999998
334,scanScanExclusiveShared,1980,6800,input00,scanExclusiveShared,1.521096,,,158.65660999999997
335,scanScanExclusiveShared,1980,7300,input00,scanExclusiveShared,1.416196,,,166.02878999999996
336,scanScanExclusiveShared,2080,5800,input00,scanExclusiveShared,1.771979,,,147.41563
337,scanScanExclusiveShared,2080,6300,input00,scanExclusiveShared,1.635193,,,153.37005000000002
338,scanScanExclusiveShared,2080,6800,input00,scanExclusiveShared,1.480403,,,162.92085000000003
339,scanScanExclusiveShared,2080,7300,input00,scanExclusiveShared,1.325098,,,172.11368
348,sortingNetworks,1680,5800,input00,bitonicSortShared1,2.85557,,,113.22139
349,sortingNetworks,1680,6300,input00,bitonicSortShared1,2.855441,,,114.31427000000002
350,sortingNetworks,1680,6800,input00,bitonicSortShared1,2.855422,,,115.01664
351,sortingNetworks,1680,7300,input00,bitonicSortShared1,2.80467,,,116.23931000000005
344,sortingNetworks,1780,5800,input00,bitonicSortShared1,2.665186,,,117.17049999999996
345,sortingNetworks,1780,6300,input00,bitonicSortShared1,2.713753,,,117.57549999999998
346,sortingNetworks,1780,6800,input00,bitonicSortShared1,2.711627,,,118.73955999999995
347,sortingNetworks,1780,7300,input00,bitonicSortShared1,2.698645,,,121.10430999999998
340,sortingNetworks,1880,5800,input00,bitonicSortShared1,2.536474,,,121.14831
341,sortingNetworks,1880,6300,input00,bitonicSortShared1,2.570122,,,121.74161999999995
342,sortingNetworks,1880,6800,input00,bitonicSortShared1,2.569773,,,123.24162000000004
343,sortingNetworks,1880,7300,input00,bitonicSortShared1,2.47244,,,125.46529999999998
352,sortingNetworks,1980,5800,input00,bitonicSortShared1,2.442583,,,124.17891999999996
353,sortingNetworks,1980,6300,input00,bitonicSortShared1,2.439432,,,125.52511000000004
354,sortingNetworks,1980,6800,input00,bitonicSortShared1,2.444521,,,128.70363
355,sortingNetworks,1980,7300,input00,bitonicSortShared1,2.441873,,,129.91448999999997
356,sortingNetworks,2080,5800,input00,bitonicSortShared1,2.338408,,,131.11855000000003
357,sortingNetworks,2080,6300,input00,bitonicSortShared1,2.334453,,,132.43863999999996
358,sortingNetworks,2080,6800,input00,bitonicSortShared1,2.289375,,,134.04306
359,sortingNetworks,2080,7300,input00,bitonicSortShared1,2.293227,,,135.73717999999997
368,transpose,1680,5800,input00,transposeCoalesced,2.36784,,,126.68902
369,transpose,1680,6300,input00,transposeCoalesced,2.188473,,,131.05485999999996
370,transpose,1680,6800,input00,transposeCoalesced,2.214615,,,133.33997000000002
371,transpose,1680,7300,input00,transposeCoalesced,2.013536,,,138.24635999999998
364,transpose,1780,5800,input00,transposeCoalesced,2.273262,,,129.82426000000004
365,transpose,1780,6300,input00,transposeCoalesced,2.286849,,,131.05356
366,transpose,1780,6800,input00,transposeCoalesced,2.212632,,,135.04247999999995
367,transpose,1780,7300,input00,transposeCoalesced,2.031052,,,140.11208
360,transpose,1880,5800,input00,transposeCoalesced,2.375547,,,129.61758999999998
361,transpose,1880,6300,input00,transposeCoalesced,2.292205,,,132.06516
362,transpose,1880,6800,input00,transposeCoalesced,2.220932,,,136.13290999999998
363,transpose,1880,7300,input00,transposeCoalesced,2.059991,,,141.16433999999998
372,transpose,1980,5800,input00,transposeCoalesced,2.377438,,,130.92046
373,transpose,1980,6300,input00,transposeCoalesced,2.263069,,,134.73262
374,transpose,1980,6800,input00,transposeCoalesced,2.123914,,,140.78348999999997
375,transpose,1980,7300,input00,transposeCoalesced,2.069138,,,144.84951000000004
376,transpose,2080,5800,input00,transposeCoalesced,2.385854,,,134.50687000000002
377,transpose,2080,6300,input00,transposeCoalesced,2.301599,,,139.96537
378,transpose,2080,6800,input00,transposeCoalesced,2.175859,,,143.25847
379,transpose,2080,7300,input00,transposeCoalesced,2.011693,,,150.12639
388,vectorAdd,1680,5800,input00,vectorAdd,2.4869,,,130.73145000000002
389,vectorAdd,1680,6300,input00,vectorAdd,2.29722,,,136.55583999999996
390,vectorAdd,1680,6800,input00,vectorAdd,2.13418,,,142.70400999999998
391,vectorAdd,1680,7300,input00,vectorAdd,1.9192,,,150.39518000000004
384,vectorAdd,1780,5800,input00,vectorAdd,2.40022,,,133.26274999999998
385,vectorAdd,1780,6300,input00,vectorAdd,2.30373,,,137.55872
386,vectorAdd,1780,6800,input00,vectorAdd,2.13723,,,144.01683
387,vectorAdd,1780,7300,input00,vectorAdd,1.96915,,,151.43506999999997
380,vectorAdd,1880,5800,input00,vectorAdd,2.49345,,,133.83504999999997
381,vectorAdd,1880,6300,input00,vectorAdd,2.31129,,,138.23943999999997
382,vectorAdd,1880,6800,input00,vectorAdd,2.14558,,,145.47018999999997
383,vectorAdd,1880,7300,input00,vectorAdd,1.99324,,,152.0124
392,vectorAdd,1980,5800,input00,vectorAdd,2.51828,,,135.21658000000002
393,vectorAdd,1980,6300,input00,vectorAdd,2.32073,,,139.12325000000004
394,vectorAdd,1980,6800,input00,vectorAdd,2.15207,,,148.42954
395,vectorAdd,1980,7300,input00,vectorAdd,2.00269,,,154.44674999999998
396,vectorAdd,2080,5800,input00,vectorAdd,2.5178,,,137.94080999999997
397,vectorAdd,2080,6300,input00,vectorAdd,2.32567,,,144.92965999999998
398,vectorAdd,2080,6800,input00,vectorAdd,2.1139,,,150.84190999999998
399,vectorAdd,2080,7300,input00,vectorAdd,1.94739,,,158.82215
